date,kr_base_rate,kr_cpi,kr_unemployment,kr_usd_exchange,kr_gdp,kr_m2,us_fed_rate,vix,wti_oil
2014-01,2.5,93.73,3.3,1067.13,0.8,1799846.9,0.07,14.24,94.62
2014-02,2.5,93.98,3.5,1071.31,,1814781.0,0.07,15.47,100.82
2014-03,2.5,94.153,3.4,1070.49,,1826090.4,0.08,14.84,100.8
2014-04,2.5,94.214,3.6,1042.64,0.9,1830800.0,0.09,14.2,102.07
2014-05,2.5,94.369,3.5,1024.79,,1847499.7,0.09,12.48,102.18
2014-06,2.5,94.248,3.5,1018.74,,1858233.6,0.1,11.54,105.79
2014-07,2.5,94.386,3.5,1021.03,0.3,1869730.2,0.09,12.3,103.59
2014-08,2.25,94.551,3.5,1024.55,,1891814.7,0.09,13.49,96.54
2014-09,2.25,94.49,3.5,1035.89,,1901679.4,0.09,13.47,93.21
2014-10,2.0,94.205,3.6,1060.34,0.5,1912477.6,0.09,18.06,84.4
2014-11,2.0,94.015,3.6,1097.87,,1935697.0,0.09,13.41,75.79
2014-12,2.0,94.006,3.7,1102.62,,1946213.6,0.12,16.29,59.29
2015-01,2.0,94.643,3.6,1088.13,0.9,1949424.5,0.11,19.12,47.22
2015-02,2.0,94.587,3.5,1101.46,,1966543.7,0.11,15.9,50.58
2015-03,1.75,94.596,3.5,1112.9,,1983317.2,0.11,14.81,47.82
2015-04,1.75,94.625,3.6,1084.67,0.4,2006484.3,0.12,13.49,54.45
2015-05,1.75,94.89,3.6,1092.64,,2018864.2,0.12,13.34,59.27
2015-06,1.5,94.909,3.8,1112.88,,2028091.1,0.13,14.34,59.82
2015-07,1.5,95.08,3.8,1146.55,1.5,2046768.0,0.13,14.35,50.9
2015-08,1.5,95.213,3.6,1178.14,,2058804.8,0.14,19.43,42.87
2015-09,1.5,94.966,3.5,1184.33,,2069757.1,0.14,24.38,45.48
2015-10,1.5,94.966,3.5,1143.2,0.8,2076050.9,0.12,16.79,46.22
2015-11,1.5,94.786,3.6,1153.47,,2084185.5,0.12,16.21,42.44
2015-12,1.5,95.07,3.5,1169.95,,2094647.7,0.24,18.03,37.19
2016-01,1.5,95.232,3.6,1203.32,0.4,2112089.3,0.34,23.72,31.68
2016-02,1.5,95.64,3.8,1216.23,,2129784.1,0.38,22.52,30.32
2016-03,1.5,95.393,3.7,1181.57,,2136613.8,0.36,15.85,37.55
2016-04,1.5,95.573,3.6,1145.8,1.3,2145385.9,0.37,14.3,40.76
2016-05,1.5,95.63,3.5,1173.79,,2163643.3,0.37,14.85,46.71
2016-06,1.25,95.611,3.6,1165.2,,2178064.5,0.38,17.77,48.76
2016-07,1.25,95.431,3.6,1140.87,0.4,2193889.4,0.39,13.16,44.65
2016-08,1.25,95.677,3.9,1110.02,,2212930.6,0.4,12.4,44.72
2016-09,1.25,96.247,3.9,1108.36,,2215033.9,0.4,14.22,45.18
2016-10,1.25,96.379,3.8,1128.17,0.8,2232353.3,0.4,14.59,49.78
2016-11,1.25,96.237,3.7,1162.71,,2255845.8,0.41,15.24,45.66
2016-12,1.25,96.342,3.5,1183.07,,2265136.6,0.54,12.47,51.97
2017-01,1.25,97.366,3.5,1179.11,1.1,2274550.6,0.65,11.61,52.5
2017-02,1.25,97.632,3.9,1140.49,,2282605.6,0.66,11.53,53.47
2017-03,1.25,97.565,3.6,1133.86,,2294876.9,0.79,11.9,49.33
2017-04,1.25,97.442,3.8,1134.18,0.7,2310909.5,0.9,13.14,51.06
2017-05,1.25,97.546,3.5,1125.14,,2321693.3,0.91,10.86,48.48
2017-06,1.25,97.338,3.7,1130.85,,2324589.3,1.04,10.51,45.18
2017-07,1.25,97.499,3.6,1131.75,1.4,2339181.8,1.15,10.26,46.63
2017-08,1.25,98.058,4.0,1130.27,,2354321.9,1.16,11.98,48.04
2017-09,1.25,98.172,3.7,1131.6,,2357905.7,1.15,10.44,49.82
2017-10,1.25,98.077,3.7,1130.88,-0.2,2377964.0,1.15,10.13,51.58
2017-11,1.5,97.347,3.7,1099.79,,2393249.7,1.16,10.54,56.64
2017-12,1.5,97.698,3.6,1082.9,,2404905.7,1.3,10.26,57.88
2018-01,1.5,98.106,3.4,1065.64,1.5,2416728.8,1.41,11.06,63.7
2018-02,1.5,98.855,3.7,1078.47,,2433495.6,1.42,22.46,62.23
2018-03,1.5,98.751,4.0,1069.94,,2437719.2,1.51,19.02,62.72
2018-04,1.5,98.931,3.8,1068.05,0.8,2444524.3,1.69,18.27,66.25
2018-05,1.5,98.979,3.8,1076.66,,2455881.4,1.7,14.12,69.98
2018-06,1.5,98.779,3.6,1094.36,,2459364.0,1.82,13.68,67.87
2018-07,1.5,98.59,3.8,1122.2,0.5,2472679.0,1.91,13.15,70.98
2018-08,1.5,99.462,4.6,1120.43,,2488391.7,1.91,12.55,68.06
2018-09,1.5,100.221,4.1,1119.82,,2486251.4,1.95,12.91,70.23
2018-10,1.5,100.041,4.0,1131.62,0.6,2508905.0,2.19,19.35,70.75
2018-11,1.75,99.33,3.9,1125.35,,2517948.1,2.2,19.39,56.96
2018-12,1.75,98.988,3.7,1122.42,,2524352.2,2.27,24.95,49.52
2019-01,1.75,98.884,3.9,1120.33,0.1,2550186.4,2.4,19.57,51.38
2019-02,1.75,99.311,3.8,1121.83,,2552413.4,2.4,15.23,54.95
2019-03,1.75,99.121,3.8,1131.6,,2570410.5,2.41,14.49,58.15
2019-04,1.75,99.481,4.0,1142.17,1.3,2582127.4,2.42,12.95,63.86
2019-05,1.75,99.652,3.8,1182.95,,2586775.9,2.39,16.72,60.83
2019-06,1.75,99.491,3.9,1173.78,,2606774.3,2.38,15.84,54.66
2019-07,1.5,99.187,4.0,1177.23,0.2,2620523.2,2.4,13.31,57.36
2019-08,1.5,99.425,3.6,1210.38,,2644959.4,2.13,18.98,54.81
2019-09,1.5,99.794,3.6,1194.11,,2662001.2,2.04,15.56,56.95
2019-10,1.25,100.041,3.5,1183.45,1.0,2682026.6,1.83,15.47,53.96
2019-11,1.25,99.481,3.7,1167.3,,2710328.8,1.55,12.52,57.05
2019-12,1.25,99.719,3.5,1174.71,,2716614.0,1.55,13.76,59.82
2020-01,1.25,100.09,3.4,1167.46,-1.3,2743827.9,1.55,13.94,57.52
2020-02,1.25,100.16,3.4,1195.34,,2776793.5,1.58,19.63,50.54
2020-03,0.75,99.94,3.9,1218.19,,2798640.8,0.65,57.74,29.21
2020-04,0.75,99.5,3.9,1223.13,-2.7,2854169.7,0.05,41.45,16.55
2020-05,0.5,99.44,4.3,1228.13,,2898342.4,0.05,30.9,28.56
2020-06,0.5,99.71,4.2,1206.95,,2919411.8,0.08,31.12,38.31
2020-07,0.5,99.63,4.2,1198.62,2.2,2939115.7,0.09,26.84,40.71
2020-08,0.5,100.19,3.9,1186.86,,2957901.9,0.1,22.89,42.34
2020-09,0.5,100.74,4.2,1176.86,,2982103.5,0.09,27.65,39.63
2020-10,0.5,100.18,4.3,1143.77,1.6,3013051.7,0.09,29.44,39.4
2020-11,0.5,100.09,4.1,1116.1,,3039765.8,0.09,25.0,40.94
2020-12,0.5,100.33,4.1,1093.79,,3052959.4,0.09,22.37,47.03
2021-01,0.5,101.04,4.6,1098.24,1.5,3082103.7,0.09,24.91,52.01
2021-02,0.5,101.58,4.1,1111.81,,3112805.6,0.08,23.14,59.05
2021-03,0.5,101.84,4.0,1130.25,,3139751.8,0.07,21.84,62.33
2021-04,0.5,101.98,3.8,1117.86,1.4,3176515.7,0.07,17.42,61.72
2021-05,0.5,102.05,3.8,1123.66,,3208328.8,0.06,19.76,65.17
2021-06,0.5,102.05,3.7,1122.61,,3219485.9,0.08,16.96,71.38
2021-07,0.5,102.26,3.3,1146.39,0.0,3257056.3,0.1,17.6,72.49
2021-08,0.75,102.75,3.4,1160.99,,3293240.3,0.09,17.47,67.73
2021-09,0.75,103.17,3.1,1172.82,,3314910.6,0.08,19.82,71.65
2021-10,0.75,103.35,3.3,1181.89,1.6,3350841.4,0.08,17.87,81.48
2021-11,1.0,103.87,3.1,1184.06,,3394545.9,0.08,18.5,79.15
2021-12,1.0,104.04,3.2,1183.89,,3411438.0,0.08,21.35,71.71
2022-01,1.25,104.85,3.2,1196.03,0.4,3449516.3,0.08,23.18,83.22
2022-02,1.25,105.42,2.9,1199.12,,3487090.3,0.08,25.75,91.64
2022-03,1.25,106.1,2.8,1220.84,,3490107.7,0.2,26.97,108.5
2022-04,1.5,106.83,2.8,1235.15,0.9,3501103.0,0.33,24.37,101.78
2022-05,1.75,107.5,2.9,1268.81,,3531043.0,0.77,29.31,109.55
2022-06,1.75,108.21,2.9,1277.41,,3551521.2,1.21,28.23,114.84
2022-07,2.25,108.73,3.0,1308.03,0.5,3568802.1,1.68,25.0,101.62
2022-08,2.5,108.63,2.8,1319.41,,3600817.0,2.33,22.17,93.67
2022-09,2.5,108.82,2.9,1396.37,,3609736.9,2.56,27.34,84.26
2022-10,3.0,109.16,2.9,1426.07,-0.4,3632494.2,3.08,30.01,87.55
2022-11,3.25,109.07,2.8,1361.79,,3680544.2,3.78,23.3,84.37
2022-12,3.25,109.26,2.7,1293.56,,3682583.4,4.1,21.78,76.44
2023-01,3.5,110.07,2.7,1243.07,0.4,3690158.6,4.33,20.17,78.12
2023-02,3.5,110.33,2.7,1275.42,,3695231.6,4.57,20.12,76.83
2023-03,3.5,110.52,2.7,1306.02,,3682032.2,4.65,21.64,73.28
2023-04,3.5,110.77,2.6,1322.06,0.7,3668582.4,4.83,17.82,79.45
2023-05,3.5,111.13,2.5,1327.48,,3660125.0,5.06,17.64,71.58
2023-06,3.5,111.16,2.6,1297.25,,3677250.3,5.08,14.0,70.25
2023-07,3.5,111.29,2.9,1282.28,0.8,3706857.3,5.12,13.93,76.07
2023-08,3.5,112.28,2.7,1321.76,,3705568.7,5.33,15.85,81.39
2023-09,3.5,112.85,2.8,1334.24,,3711225.4,5.33,15.17,89.43
2023-10,3.5,113.27,2.6,1351.51,0.5,3725464.5,5.33,18.89,85.64
2023-11,3.5,112.68,2.8,1308.15,,3753300.1,5.33,14.02,77.69
2023-12,3.5,112.73,2.8,1304.39,,3746423.1,5.33,12.72,71.9
2024-01,3.5,113.17,2.8,1325.91,1.2,3737309.3,5.33,13.39,74.15
2024-02,3.5,113.78,2.7,1331.33,,3762578.7,5.33,13.98,77.25
2024-03,3.5,113.95,2.8,1331.68,,3804693.0,5.33,13.79,81.28
2024-04,3.5,114.01,2.8,1367.86,-0.2,3808175.6,5.33,16.14,85.35
2024-05,3.5,114.1,2.8,1364.72,,3809788.1,5.33,13.06,80.02
2024-06,3.5,113.84,2.8,1379.05,,3811231.6,5.33,12.67,79.77
2024-07,3.5,114.13,2.7,1382.05,0.1,3823839.5,5.33,14.37,81.8
2024-08,3.5,114.54,2.6,1351.44,,3834303.6,5.33,19.31,76.68
2024-09,3.5,114.65,2.6,1330.7,,3850412.1,5.13,17.66,70.24
2024-10,3.25,114.69,2.8,1362.37,0.1,3857079.5,4.83,19.96,71.99
2024-11,3.0,114.4,2.8,1395.02,,3877862.7,4.64,16.02,69.95
2024-12,3.0,114.91,3.1,1440.0,,3900070.9,4.48,15.87,70.12
2025-01,3.0,115.71,2.8,1452.19,-0.2,3923921.4,4.33,16.76,75.74
2025-02,2.75,116.08,2.8,1444.79,,3930083.5,4.33,16.97,71.53
2025-03,2.75,116.29,2.8,1458.35,,3914432.4,4.33,21.84,68.24
2025-04,2.75,116.38,2.7,1439.78,0.7,3930054.0,4.33,31.97,63.54
2025-05,2.5,116.27,2.7,1391.44,,3955598.2,4.33,20.46,62.17
2025-06,2.5,116.31,2.7,1364.68,,3975331.0,4.33,18.4,68.17
2025-07,2.5,116.52,2.7,1379.3,1.3,3994033.3,4.33,16.38,68.39
2025-08,2.5,116.45,2.8,1389.0,,4038516.1,4.33,15.75,64.86
2025-09,2.5,117.06,2.7,1392.91,,4059768.7,4.22,15.79,63.96
2025-10,2.5,117.42,2.7,1423.08,-0.2,4057900.5,4.09,18.09,60.89
2025-11,2.5,117.2,2.8,1459.88,,4062260.6,3.88,19.77,60.06
2025-12,2.5,117.57,3.3,1465.36,,4081265.9,3.72,15.55,57.97
2026-01,2.5,118.03,3.0,1455.5,1.7,4113407.1,3.64,16.18,60.04
2026-02,2.5,118.4,2.9,1447.29,,4113983.8,3.64,19.21,64.51
2026-03,2.5,118.8,,1490.52,,,3.64,25.6,91.38
2026-04,2.5,119.37,,1483.8,,,3.64,19.81,100.32
2026-05,,,,,,,,,
